Name,Score
cg18671950,-0.1772774552659974
cg17108819,-0.16095958113538797
cg12717594,-0.147107018559152
cg13986130,-0.1379703047622008
cg09952204,-0.08855340138341765
cg00679738,-0.08272380751704057
cg08555612,-0.07467910174577562
cg09479015,-0.07142784970992615
cg00117172,-0.060987268915633296
cg23502772,-0.05953886966700338
cg17347389,-0.057682724466515116
cg08009622,-0.0550958771431227
cg09068528,-0.05429933183621569
