Runtime,Accuracy,Settings,Method
760.98,0.9733,HD,KSSHIBA
914.02,0.967,HD,SNGCCA
791.02,0.5753,HD,DGCCA
368.55,0.580366667,HD,SGCCA
471.18,0.581766667,HD,RGCCA
670.59,0.8667,LD,KSSHIBA
565.27,0.967,LD,SNGCCA
785.4,0.9667,LD,DGCCA
366.56,0.924,LD,SGCCA
462.88,0.881666667,LD,RGCCA
