Name,Score
FSIP1|161835,0.07029850910841544
KLK6|5653,-0.06548506118909404
CYP2B7P1|1556,0.06357404889717586
ART3|419,-0.06248246645332244
CEACAM5|1048,0.0596771869694069
PAH|5053,0.05941201522631295
IYD|389434,0.05894369143082509
GABRQ|55879,-0.0576808314108672
GABRA3|2556,-0.05604440180707668
SERPINA11|256394,0.05600776220558164
SOX10|6663,-0.05592050841408865
CHI3L2|1117,-0.05437155812857609
KLK8|11202,-0.054149006485218955
ABCC8|6833,0.05398956624232161
KCNJ3|3760,0.053472318235152194
