Name,Score
cg03743584,0.07831842536834412
cg26384034,0.059617593107172406
cg00557354,-0.05886665756117629
cg15784332,0.05544844209197976
cg06397837,-0.05540897417154955
cg08558340,-0.05519077600612373
cg01109219,0.0548988786828814
cg13055278,0.054535625248307365
cg14167596,0.05436167912428702
cg11668923,0.05433736157046874
cg17264618,0.05365898270177808
cg07307078,0.05317443995327457
cg05205664,0.05242544905094361
cg09357097,-0.05215858933542144
cg22467567,0.05203987005851494
