Name,Score
hsa-mir-106b,0.15295960846961584
hsa-mir-9-1,-0.1497564692961613
hsa-mir-320c-2,0.12539358001048723
hsa-mir-500a,-0.12411686771035509
hsa-mir-21,0.11804649356540818
hsa-mir-331,0.11700445081159568
hsa-mir-342,0.1091199608407251
hsa-mir-30e,0.10531675226556152
hsa-let-7b,0.1039856910760736
hsa-mir-576,0.10368606717091376
hsa-mir-192,-0.10083490095654124
hsa-mir-1271,-0.0991387394060976
hsa-mir-301b,0.09865841369464275
hsa-mir-3664,0.0979933249205501
hsa-mir-20a,0.09763316480195308
