Name,Score
cg17108819,-0.18012118286848322
cg18671950,-0.17387624464542215
cg12717594,-0.13753571921778004
cg13986130,-0.12064991436083143
cg09952204,-0.07949193712182068
cg09479015,-0.07343105783007117
cg00679738,-0.06947750482662511
cg00117172,-0.061493366795071204
cg10171125,0.055559833401600076
cg23502772,-0.05293899749264384
cg08555612,-0.05244718398870229
cg14407437,0.052386827777572295
