genes,scores
ESPN|83715,0.185827116
TPH1|7166,0.165028236
BMPER|168667,0.140305959
PTPRQ|374462,0.13350838
STC1|6781,0.121718094
ELN|2006,0.111850585
AGR2|10551,0.104872985
PGLYRP4|57115,0.097404294
