Name,Score
cg17108819,-0.06009413280887505
cg14116122,-0.05996918814332849
cg03329165,-0.05787871591933778
cg27154163,-0.056667777330927094
cg10946435,-0.05440308650968342
cg20640433,-0.051446068515832756
cg25999867,-0.051283007934135594
cg18671950,-0.050259710666356906
cg09479015,-0.050137691525384484
