Name,Score
cg14116122,0.060271609096570415
cg03329165,0.05639428750855353
cg27154163,0.05557560276365998
cg10946435,0.05343825967250113
cg17108819,0.05298704630352477
cg20640433,0.05260944395211218
cg25999867,0.05008281550865808
