Name,Score
hsa-mir-99a,0.9547980162443307
hsa-mir-99b,0.2710443906186158
hsa-mir-98,0.10045997569401718
hsa-mir-96,0.05827429230501929
hsa-mir-95,0.029653216122595187
hsa-mir-944,0.019059019115841017
