Name,mean
cg04747322,0.05551383780835594
cg26256793,0.05087458976902863
cg21099488,0.05040518679347396
cg03081134,-0.0474735735000587
cg03732545,-0.04511942625720547
cg26781150,0.04253861124996245
cg06809565,-0.041268875039727176
cg26252167,-0.04051159518462975
cg03192737,-0.03930008231081445
cg12045829,-0.03177677567841518
cg06424894,0.029327690092739073
cg07038400,0.023133581707941876
cg21163415,-0.0222136127500695
cg08132931,0.022193764285472675
cg18908499,-0.021331354144824927
cg24489015,-0.019867797826876817
cg09794131,0.019530086951740175
cg07935568,-0.016834603634860775
cg02569613,0.016615451600556726
cg02433671,0.011109028558368674
